{"cameraMode":{"drawMode":0,"name":"Shaded","section":"Shading Mode"},"sceneLighting":true,"audioPlay":false,"sceneViewState":{"showFog":true,"showMaterialUpdate":false,"showSkybox":true,"showFlares":true,"showImageEffects":true,"showParticleSystems":true},"in2DMode":false,"pivot":{"x":-16.778181076049806,"y":-25.051244735717775,"z":-44.67366027832031},"rotation":{"x":0.04925006628036499,"y":0.7971541881561279,"z":-0.5982570052146912,"w":0.06574179232120514},"size":29.38778305053711,"orthographic":false}