{"cameraMode":{"drawMode":0,"name":"Shaded","section":"Shading Mode"},"sceneLighting":false,"audioPlay":false,"sceneViewState":{"showFog":true,"showMaterialUpdate":false,"showSkybox":false,"showFlares":true,"showImageEffects":true,"showParticleSystems":true},"in2DMode":false,"pivot":{"x":0.0,"y":0.8399999737739563,"z":-2.2190001010894777},"rotation":{"x":-0.007917489856481552,"y":-0.9906670451164246,"z":0.06578672677278519,"w":-0.1191609799861908},"size":0.7749552130699158,"orthographic":false}