{"cameraMode":{"drawMode":0,"name":"Shaded","section":"Shading Mode"},"sceneLighting":true,"audioPlay":false,"sceneViewState":{"showFog":true,"showMaterialUpdate":false,"showSkybox":false,"showFlares":true,"showImageEffects":true,"showParticleSystems":true},"in2DMode":false,"pivot":{"x":-154.51318359375,"y":104.92002868652344,"z":-67.17143249511719},"rotation":{"x":-0.2051345705986023,"y":-0.14095626771450044,"z":0.029868608340620996,"w":-0.9680796265602112},"size":4.950107097625732,"orthographic":false}